{
  "baseline_name": "Safe Control Barrier Functions",
  "baseline_info": {
    "description": "CBF-based safe control without learning components",
    "paper_reference": "Ames et al. (2019). Control Barrier Functions: Theory and Applications",
    "year": 2019,
    "type": "safe_control"
  },
  "our_performance": {
    "safety_success_rate": {
      "mean": 0.9720484567754812,
      "std": 0.0372524545891597,
      "median": 0.9914465242349038,
      "ci_lower": 0.89448465188668,
      "ci_upper": 1.0
    },
    "prediction_accuracy": {
      "mean": 0.8866760174134263,
      "std": 0.04451544735978321,
      "median": 0.8844422979966268,
      "ci_lower": 0.8098515116361492,
      "ci_upper": 0.9896296806171305
    },
    "decision_cycle_time": {
      "mean": 165.80837476354012,
      "std": 8.451069000855659,
      "median": 166.29346941915756,
      "ci_lower": 149.42285850706406,
      "ci_upper": 176.77367002684232
    },
    "collision_rate": {
      "mean": 0.001987937260371621,
      "std": 9.979819832656144e-05,
      "median": 0.0019676770413129875,
      "ci_lower": 0.0018395884500681133,
      "ci_upper": 0.00219104764155389
    },
    "comfort_score": {
      "mean": 8.704306277839096,
      "std": 0.42064052782800576,
      "median": 8.745246216046887,
      "ci_lower": 7.892164406623944,
      "ci_upper": 9.414158665283962
    },
    "computational_efficiency": {
      "mean": 1.6978678434671224,
      "std": 0.09423394811125776,
      "median": 1.6973781171033657,
      "ci_lower": 1.5361651174322166,
      "ci_upper": 1.8817053798253975
    }
  },
  "baseline_performance": {
    "safety_success_rate": {
      "mean": 0.8687694212629683,
      "std": 0.08030652329757504,
      "median": 0.8765037522085548,
      "ci_lower": 0.6869565128351752,
      "ci_upper": 0.9987844605741092
    },
    "prediction_accuracy": {
      "mean": 0.49137874920280394,
      "std": 0.04307191471539401,
      "median": 0.49924378957064386,
      "ci_lower": 0.4245419756194917,
      "ci_upper": 0.5669621767409275
    },
    "decision_cycle_time": {
      "mean": 248.6862398219571,
      "std": 19.34831238591477,
      "median": 249.1494466181059,
      "ci_lower": 209.88746628078263,
      "ci_upper": 284.60147796780984
    },
    "collision_rate": {
      "mean": 0.10581710196099828,
      "std": 0.0095231179439273,
      "median": 0.10731550442637777,
      "ci_lower": 0.08967054358327968,
      "ci_upper": 0.11998723297567798
    },
    "comfort_score": {
      "mean": 6.558670466403493,
      "std": 0.47255217026260915,
      "median": 6.522891088133036,
      "ci_lower": 5.779879766709151,
      "ci_upper": 7.630294278653094
    },
    "computational_efficiency": {
      "mean": 0.798673908129005,
      "std": 0.06444084226978122,
      "median": 0.7911694966079024,
      "ci_lower": 0.6973615357567108,
      "ci_upper": 0.9268104582581497
    }
  },
  "statistical_tests": {
    "safety_success_rate": {
      "baseline_stats": {
        "mean": 0.9720484567754812,
        "std": 0.0372524545891597,
        "n": 50
      },
      "ablated_stats": {
        "mean": 0.8687694212629683,
        "std": 0.08030652329757504,
        "n": 50
      },
      "test_statistic": 2221.0,
      "p_value": 1.6157410998370015e-11,
      "test_type": "mann_whitney_u",
      "significant": true,
      "labels": [
        "Our Method",
        "Safe Control Barrier Functions"
      ]
    },
    "prediction_accuracy": {
      "baseline_stats": {
        "mean": 0.8866760174134263,
        "std": 0.04451544735978321,
        "n": 50
      },
      "ablated_stats": {
        "mean": 0.49137874920280394,
        "std": 0.04307191471539401,
        "n": 50
      },
      "test_statistic": 45.125641804703854,
      "p_value": 2.2466855124698354e-67,
      "test_type": "independent_t_test",
      "significant": true,
      "labels": [
        "Our Method",
        "Safe Control Barrier Functions"
      ]
    },
    "decision_cycle_time": {
      "baseline_stats": {
        "mean": 165.80837476354012,
        "std": 8.451069000855659,
        "n": 50
      },
      "ablated_stats": {
        "mean": 248.6862398219571,
        "std": 19.34831238591477,
        "n": 50
      },
      "test_statistic": -27.756478049067987,
      "p_value": 3.1837235874998715e-48,
      "test_type": "independent_t_test",
      "significant": true,
      "labels": [
        "Our Method",
        "Safe Control Barrier Functions"
      ]
    },
    "collision_rate": {
      "baseline_stats": {
        "mean": 0.001987937260371621,
        "std": 9.979819832656144e-05,
        "n": 50
      },
      "ablated_stats": {
        "mean": 0.10581710196099828,
        "std": 0.0095231179439273,
        "n": 50
      },
      "test_statistic": -77.09058709291719,
      "p_value": 1.6017313346433166e-89,
      "test_type": "independent_t_test",
      "significant": true,
      "labels": [
        "Our Method",
        "Safe Control Barrier Functions"
      ]
    },
    "comfort_score": {
      "baseline_stats": {
        "mean": 8.704306277839096,
        "std": 0.42064052782800576,
        "n": 50
      },
      "ablated_stats": {
        "mean": 6.558670466403493,
        "std": 0.47255217026260915,
        "n": 50
      },
      "test_statistic": 23.981624148473294,
      "p_value": 8.555562884965023e-43,
      "test_type": "independent_t_test",
      "significant": true,
      "labels": [
        "Our Method",
        "Safe Control Barrier Functions"
      ]
    },
    "computational_efficiency": {
      "baseline_stats": {
        "mean": 1.6978678434671224,
        "std": 0.09423394811125776,
        "n": 50
      },
      "ablated_stats": {
        "mean": 0.798673908129005,
        "std": 0.06444084226978122,
        "n": 50
      },
      "test_statistic": 55.69572390910736,
      "p_value": 5.3638179895225885e-76,
      "test_type": "independent_t_test",
      "significant": true,
      "labels": [
        "Our Method",
        "Safe Control Barrier Functions"
      ]
    }
  },
  "effect_sizes": {
    "safety_success_rate": 1.6498918918659933,
    "prediction_accuracy": 9.02512836094077,
    "decision_cycle_time": -5.5512956098135975,
    "collision_rate": -15.418117418583439,
    "comfort_score": 4.79632482969466,
    "computational_efficiency": 11.139144781821471
  },
  "confidence_intervals": {
    "safety_success_rate": [
      0.07821551562807487,
      0.12914094228898917
    ],
    "prediction_accuracy": [
      0.37641935644923397,
      0.4135062871980363
    ],
    "decision_cycle_time": [
      -88.08095017848989,
      -77.41596812348226
    ],
    "collision_rate": [
      -0.1065562432366803,
      -0.10127794907131825
    ],
    "comfort_score": [
      1.9691688487716168,
      2.3258808514695026
    ],
    "computational_efficiency": [
      0.863218590703475,
      0.9295165165005507
    ]
  },
  "sample_size": 50,
  "execution_time": 0.033478,
  "timestamp": "2025-09-02T19:07:47.309129"
}