{
  "baseline_name": "Gaussian Process Regression",
  "baseline_info": {
    "description": "Standard GP for dynamics learning without RL integration",
    "paper_reference": "Deisenroth et al. (2015). Gaussian Processes for Data-Efficient Learning",
    "year": 2015,
    "type": "model_learning"
  },
  "our_performance": {
    "safety_success_rate": {
      "mean": 0.9720484567754812,
      "std": 0.0372524545891597,
      "median": 0.9914465242349038,
      "ci_lower": 0.89448465188668,
      "ci_upper": 1.0
    },
    "prediction_accuracy": {
      "mean": 0.8866760174134263,
      "std": 0.04451544735978321,
      "median": 0.8844422979966268,
      "ci_lower": 0.8098515116361492,
      "ci_upper": 0.9896296806171305
    },
    "decision_cycle_time": {
      "mean": 165.80837476354012,
      "std": 8.451069000855659,
      "median": 166.29346941915756,
      "ci_lower": 149.42285850706406,
      "ci_upper": 176.77367002684232
    },
    "collision_rate": {
      "mean": 0.001987937260371621,
      "std": 9.979819832656144e-05,
      "median": 0.0019676770413129875,
      "ci_lower": 0.0018395884500681133,
      "ci_upper": 0.00219104764155389
    },
    "comfort_score": {
      "mean": 8.704306277839096,
      "std": 0.42064052782800576,
      "median": 8.745246216046887,
      "ci_lower": 7.892164406623944,
      "ci_upper": 9.414158665283962
    },
    "computational_efficiency": {
      "mean": 1.6978678434671224,
      "std": 0.09423394811125776,
      "median": 1.6973781171033657,
      "ci_lower": 1.5361651174322166,
      "ci_upper": 1.8817053798253975
    }
  },
  "baseline_performance": {
    "safety_success_rate": {
      "mean": 0.6623839087809469,
      "std": 0.06201700640731297,
      "median": 0.6678123826350895,
      "ci_lower": 0.5233954383506098,
      "ci_upper": 0.764082058453494
    },
    "prediction_accuracy": {
      "mean": 0.5966741954605478,
      "std": 0.05230161072583559,
      "median": 0.6062246016214962,
      "ci_lower": 0.5155152561093828,
      "ci_upper": 0.6884540717568407
    },
    "decision_cycle_time": {
      "mean": 373.0293597329356,
      "std": 29.02246857887216,
      "median": 373.72416992715887,
      "ci_lower": 314.83119942117395,
      "ci_upper": 426.90221695171476
    },
    "collision_rate": {
      "mean": 0.15116728851571182,
      "std": 0.013604454205610433,
      "median": 0.15330786346625397,
      "ci_lower": 0.1281007765475424,
      "ci_upper": 0.17141033282239712
    },
    "comfort_score": {
      "mean": 6.558670466403493,
      "std": 0.47255217026260915,
      "median": 6.522891088133036,
      "ci_lower": 5.779879766709151,
      "ci_upper": 7.630294278653094
    },
    "computational_efficiency": {
      "mean": 0.798673908129005,
      "std": 0.06444084226978122,
      "median": 0.7911694966079024,
      "ci_lower": 0.6973615357567108,
      "ci_upper": 0.9268104582581497
    }
  },
  "statistical_tests": {
    "safety_success_rate": {
      "baseline_stats": {
        "mean": 0.9720484567754812,
        "std": 0.0372524545891597,
        "n": 50
      },
      "ablated_stats": {
        "mean": 0.6623839087809469,
        "std": 0.06201700640731297,
        "n": 50
      },
      "test_statistic": 2500.0,
      "p_value": 4.7190565960999625e-18,
      "test_type": "mann_whitney_u",
      "significant": true,
      "labels": [
        "Our Method",
        "Gaussian Process Regression"
      ]
    },
    "prediction_accuracy": {
      "baseline_stats": {
        "mean": 0.8866760174134263,
        "std": 0.04451544735978321,
        "n": 50
      },
      "ablated_stats": {
        "mean": 0.5966741954605478,
        "std": 0.05230161072583559,
        "n": 50
      },
      "test_statistic": 29.8571908910064,
      "p_value": 5.286041323876343e-51,
      "test_type": "independent_t_test",
      "significant": true,
      "labels": [
        "Our Method",
        "Gaussian Process Regression"
      ]
    },
    "decision_cycle_time": {
      "baseline_stats": {
        "mean": 165.80837476354012,
        "std": 8.451069000855659,
        "n": 50
      },
      "ablated_stats": {
        "mean": 373.0293597329356,
        "std": 29.02246857887216,
        "n": 50
      },
      "test_statistic": -48.47425692210454,
      "p_value": 2.7187641654300042e-70,
      "test_type": "independent_t_test",
      "significant": true,
      "labels": [
        "Our Method",
        "Gaussian Process Regression"
      ]
    },
    "collision_rate": {
      "baseline_stats": {
        "mean": 0.001987937260371621,
        "std": 9.979819832656144e-05,
        "n": 50
      },
      "ablated_stats": {
        "mean": 0.15116728851571182,
        "std": 0.013604454205610433,
        "n": 50
      },
      "test_statistic": -77.5355565027685,
      "p_value": 9.194861009767545e-90,
      "test_type": "independent_t_test",
      "significant": true,
      "labels": [
        "Our Method",
        "Gaussian Process Regression"
      ]
    },
    "comfort_score": {
      "baseline_stats": {
        "mean": 8.704306277839096,
        "std": 0.42064052782800576,
        "n": 50
      },
      "ablated_stats": {
        "mean": 6.558670466403493,
        "std": 0.47255217026260915,
        "n": 50
      },
      "test_statistic": 23.981624148473294,
      "p_value": 8.555562884965023e-43,
      "test_type": "independent_t_test",
      "significant": true,
      "labels": [
        "Our Method",
        "Gaussian Process Regression"
      ]
    },
    "computational_efficiency": {
      "baseline_stats": {
        "mean": 1.6978678434671224,
        "std": 0.09423394811125776,
        "n": 50
      },
      "ablated_stats": {
        "mean": 0.798673908129005,
        "std": 0.06444084226978122,
        "n": 50
      },
      "test_statistic": 55.69572390910736,
      "p_value": 5.3638179895225885e-76,
      "test_type": "independent_t_test",
      "significant": true,
      "labels": [
        "Our Method",
        "Gaussian Process Regression"
      ]
    }
  },
  "effect_sizes": {
    "safety_success_rate": 6.053348323873376,
    "prediction_accuracy": 5.9714381782012795,
    "decision_cycle_time": -9.694851384420906,
    "collision_rate": -15.507111300553701,
    "comfort_score": 4.79632482969466,
    "computational_efficiency": 11.139144781821471
  },
  "confidence_intervals": {
    "safety_success_rate": [
      0.2889226296361224,
      0.3305014001304777
    ],
    "prediction_accuracy": [
      0.26974427785820815,
      0.31023397725992585
    ],
    "decision_cycle_time": [
      -214.5321039795482,
      -199.35550481769354
    ],
    "collision_rate": [
      -0.15308153519542786,
      -0.1455375581058785
    ],
    "comfort_score": [
      1.9691688487716168,
      2.3258808514695026
    ],
    "computational_efficiency": [
      0.863218590703475,
      0.9295165165005507
    ]
  },
  "sample_size": 50,
  "execution_time": 0.034203,
  "timestamp": "2025-09-02T19:07:47.343751"
}