{
  "generation_timestamp": "2025-08-27T21:41:26.404648",
  "total_sequences": 1178,
  "valid_sequences": 1145,
  "invalid_sequences": 33,
  "validation_success_rate": 0.9719864176570459,
  "average_quality_score": 0.6400254668930391,
  "quality_score_std": 0.08851874441070978,
  "gesture_distribution": {
    "grab": 305,
    "reach": 365,
    "point": 173,
    "handover": 237,
    "wave": 98
  },
  "duration_statistics": {
    "mean": 1.9728353140916808,
    "std": 0.560916308647195,
    "min": 1.5,
    "max": 3.0
  },
  "common_issues": {
    "unrealistic_values": 2091,
    "invalid_range": 39
  },
  "workspace_bounds": [
    -1.0,
    1.0,
    -1.0,
    1.0,
    0.0,
    2.0
  ],
  "sampling_frequency": 30.0
}